run,seed,passes,mae_mean,mae_sd,mae_min,mae_max,per_polymer_prediction_sd_mean,per_polymer_prediction_sd_max
synthetic_generated,42,10,37.441,0.149,37.152,37.687,5.13,32.691
synthetic_generated,43,10,36.868,0.118,36.683,37.069,5.471,26.337
synthetic_generated,44,10,36.01,0.181,35.696,36.35,5.174,24.73
synthetic_generated,45,10,36.764,0.135,36.58,36.993,5.637,45.99
synthetic_generated,46,10,37.002,0.185,36.653,37.21,5.293,51.454
synthetic_labeled,42,10,39.311,0.091,39.205,39.457,4.328,33.632
synthetic_labeled,43,10,38.09,0.102,37.956,38.288,4.572,42.128
synthetic_labeled,44,10,39.064,0.124,38.895,39.214,4.82,50.376
synthetic_labeled,45,10,37.852,0.111,37.611,38.002,4.468,14.71
synthetic_labeled,46,10,38.446,0.117,38.166,38.592,4.66,64.992
