run,42,43,44,45,46
concat_generated_n500,32.59,33.07,32.93,32.1,34.39
concat_generated_nfull,23.1,23.9,24.97,24.29,24.24
concat_labeled_n500,32.45,33.72,32.75,33.29,31.89
concat_labeled_nfull,26.42,27.29,25.1,27.2,24.41
real_n1000,30.24,32.05,36.58,30.5,32.38
real_n250,41.35,37.6,38.23,39.4,38.89
real_n500,35.46,35.84,37.73,36.33,33.97
real_nfull,24.01,26.45,24.06,26.35,25.29
rf_concat_generated_n500,39.54,39.88,40.3,40.28,39.75
rf_concat_generated_nfull,27.27,27.43,27.29,27.31,27.27
rf_concat_labeled_n500,40.44,41.05,39.94,40.06,40.13
rf_concat_labeled_nfull,27.57,27.64,27.58,27.58,27.59
rf_real_n500,41.2,40.63,40.37,40.09,39.8
rf_real_nfull,26.53,26.49,26.51,26.47,26.66
rf_synthetic_generated,47.49,47.53,47.51,47.56,47.31
rf_synthetic_labeled,47.03,47.11,47.04,47.03,47.08
synthetic_generated,37.71,36.53,36.16,36.74,37.04
synthetic_labeled,39.45,38.06,38.91,37.78,38.29
synthetic_selftrain,35.44,36.41,37.8,36.23,35.32
synthetic_shuffled_generated,98.88,93.85,98.42,98.07,96.16
synthetic_shuffled_labeled,99.11,110.66,109.5,103.26,102.57
twostage_generated_n1000,30.14,32.37,29.9,30.16,30.01
twostage_generated_n250,34.44,34.67,33.66,35.44,34.79
twostage_generated_n500,34.31,33.63,33.26,32.48,32.07
twostage_generated_nfull,24.22,25.93,23.76,25.92,24.69
twostage_labeled_n1000,29.87,30.92,30.82,29.32,30.2
twostage_labeled_n250,33.83,33.66,34.64,35.48,34.08
twostage_labeled_n500,32.78,33.5,31.67,32.75,31.76
twostage_labeled_nfull,23.66,23.54,23.17,25.76,27.82
twostage_selftrain_n500,35.07,34.74,34.03,35.65,33.05
twostage_shuffled_generated_n500,60.04,42.26,46.7,81.29,42.15
twostage_shuffled_labeled_n500,44.05,35.95,35.73,34.34,47.41
