run,n_real,n_seeds,mae,rmse,r2,spearman,val MAE,best epoch
synthetic_generated,0,5,36.8 ± 0.6,50.3 ± 0.5,0.794 ± 0.004,0.904 ± 0.003,36.0,3.4
synthetic_labeled,0,5,38.5 ± 0.7,51.4 ± 0.7,0.785 ± 0.006,0.904 ± 0.002,38.5,4.0
real_n1000,1000,5,32.3 ± 2.5,44.5 ± 2.4,0.838 ± 0.018,0.923 ± 0.007,31.3,8.6
real_n250,250,5,39.1 ± 1.4,52.3 ± 1.8,0.778 ± 0.016,0.892 ± 0.007,37.2,5.4
real_n500,500,5,35.9 ± 1.4,48.8 ± 2.0,0.806 ± 0.015,0.909 ± 0.007,34.3,5.4
real_nfull,5297,5,25.2 ± 1.2,35.0 ± 1.3,0.900 ± 0.007,0.953 ± 0.004,24.9,6.4
twostage_generated_n1000,1000,5,30.5 ± 1.0,42.3 ± 1.2,0.854 ± 0.009,0.930 ± 0.003,29.8,4.4
twostage_generated_n250,250,5,34.6 ± 0.6,47.2 ± 0.8,0.819 ± 0.006,0.913 ± 0.003,33.2,3.6
twostage_generated_n500,500,5,33.2 ± 0.9,45.5 ± 1.6,0.831 ± 0.012,0.920 ± 0.004,31.8,3.8
twostage_generated_nfull,5297,5,24.9 ± 1.0,34.5 ± 1.2,0.903 ± 0.007,0.955 ± 0.004,24.5,5.4
twostage_labeled_n1000,1000,5,30.2 ± 0.7,42.3 ± 0.7,0.855 ± 0.005,0.931 ± 0.002,29.1,5.6
twostage_labeled_n250,250,5,34.3 ± 0.7,47.2 ± 0.5,0.819 ± 0.004,0.914 ± 0.004,32.8,4.2
twostage_labeled_n500,500,5,32.5 ± 0.8,45.1 ± 1.5,0.834 ± 0.011,0.922 ± 0.004,31.5,3.6
twostage_labeled_nfull,5297,5,24.8 ± 2.0,35.2 ± 3.6,0.898 ± 0.022,0.956 ± 0.003,24.4,6.0
concat_generated_n500,500,5,33.0 ± 0.9,45.3 ± 0.8,0.833 ± 0.006,0.919 ± 0.003,31.8,5.4
concat_generated_nfull,5297,5,24.1 ± 0.7,33.8 ± 0.8,0.907 ± 0.005,0.956 ± 0.002,24.0,11.0
concat_labeled_n500,500,5,32.8 ± 0.7,45.5 ± 1.2,0.831 ± 0.009,0.921 ± 0.004,32.2,6.2
concat_labeled_nfull,5297,5,26.1 ± 1.3,36.5 ± 1.9,0.891 ± 0.011,0.947 ± 0.007,25.3,4.6
twostage_selftrain_n500,500,5,34.5 ± 1.0,47.5 ± 1.7,0.816 ± 0.013,0.914 ± 0.005,34.1,3.0
twostage_shuffled_generated_n500,500,5,54.5 ± 16.7,70.4 ± 19.9,0.571 ± 0.256,0.692 ± 0.307,51.3,6.6
twostage_shuffled_labeled_n500,500,5,39.5 ± 5.8,53.2 ± 7.5,0.766 ± 0.066,0.880 ± 0.046,37.9,5.2
synthetic_selftrain,0,5,36.2 ± 1.0,48.9 ± 1.4,0.805 ± 0.011,0.908 ± 0.006,35.4,4.8
synthetic_shuffled_generated,0,5,97.1 ± 2.1,119.8 ± 3.3,-0.169 ± 0.064,-0.111 ± 0.687,99.5,3.0
synthetic_shuffled_labeled,0,5,105.0 ± 4.9,131.9 ± 5.9,-0.417 ± 0.128,0.115 ± 0.528,108.5,3.0
rf_concat_generated_n500,500,5,39.9 ± 0.3,55.8 ± 0.8,0.746 ± 0.008,0.875 ± 0.005,,
rf_concat_generated_nfull,5297,5,27.3 ± 0.1,39.2 ± 0.1,0.875 ± 0.001,0.938 ± 0.000,,
rf_concat_labeled_n500,500,5,40.3 ± 0.4,54.5 ± 0.8,0.759 ± 0.007,0.882 ± 0.003,,
rf_concat_labeled_nfull,5297,5,27.6 ± 0.0,39.6 ± 0.1,0.872 ± 0.000,0.934 ± 0.000,,
rf_real_n500,500,5,40.4 ± 0.5,54.5 ± 1.3,0.759 ± 0.011,0.873 ± 0.007,,
rf_real_nfull,5297,5,26.5 ± 0.1,37.8 ± 0.1,0.884 ± 0.001,0.942 ± 0.000,,
rf_synthetic_generated,0,5,47.5 ± 0.1,65.4 ± 0.1,0.652 ± 0.001,0.837 ± 0.000,,
rf_synthetic_labeled,0,5,47.1 ± 0.0,62.1 ± 0.1,0.686 ± 0.001,0.858 ± 0.000,,
