synthetic_set,real_split,match,n,percent_of_unique_synthetic,teacher_mae,teacher_median_abs_error,teacher_spearman,teacher_mean_signed_error
generated,train,exact,319,3.95,26.68,18.0,0.9,-3.97
generated,train,ring,184,2.28,33.16,21.75,0.92,-21.81
generated,train,either,503,6.23,29.05,19.0,0.91,-10.5
generated,validation,exact,27,0.33,26.76,11.85,0.94,-0.88
generated,validation,ring,27,0.33,24.46,18.0,0.97,-17.19
generated,validation,either,54,0.67,25.61,17.5,0.95,-9.04
generated,test,exact,79,0.98,27.81,16.32,0.87,-1.36
generated,test,ring,32,0.4,33.35,24.75,0.84,-6.67
generated,test,either,111,1.37,29.41,17.0,0.86,-2.89
labeled,train,exact,3,0.03,24.93,22.8,0.5,-12.27
labeled,train,ring,4,0.04,20.93,16.0,0.8,-17.43
labeled,train,either,7,0.07,22.65,22.8,0.93,-15.22
labeled,validation,exact,1,0.01,,,,
labeled,validation,ring,0,0.0,,,,
labeled,validation,either,1,0.01,,,,
labeled,test,exact,1,0.01,,,,
labeled,test,ring,2,0.02,,,,
labeled,test,either,3,0.03,24.83,23.0,0.87,24.83
