run,group,model,seed,n_real,n_train_rows,best_epoch,epochs_run,best_val_mae,mae,rmse,r2,spearman,train_seconds
synthetic_generated,A synthetic only,molformer,42,0,7912,2.0,5.0,37.032884405683376,37.70710936597543,50.890786006225824,0.7893242216808044,0.9030601863061201,400
synthetic_generated,A synthetic only,molformer,43,0,7912,2.0,5.0,35.71812027081164,36.53069562723975,49.87824262938205,0.7976242007907827,0.9058084152788227,463
synthetic_generated,A synthetic only,molformer,44,0,7912,6.0,9.0,34.62289611246469,36.15996682369976,49.755074137350505,0.7986224535110096,0.9082746660071519,698
synthetic_generated,A synthetic only,molformer,45,0,7912,2.0,5.0,36.73922757367327,36.74040308731255,50.29581693870792,0.794221487673215,0.9015139176632931,391
synthetic_generated,A synthetic only,molformer,46,0,7912,5.0,8.0,35.638391191259096,37.04131690258075,50.926192751601064,0.7890309686538263,0.9034480555443344,622
synthetic_labeled,A synthetic only,molformer,42,0,9925,5.0,8.0,39.00077257489915,39.454305238444974,52.43538786743614,0.7763415763875406,0.9031348293247958,886
synthetic_labeled,A synthetic only,molformer,43,0,9925,6.0,9.0,38.830005795619684,38.061544654011165,51.234117547356085,0.786472010669266,0.9029734659648355,1102
synthetic_labeled,A synthetic only,molformer,44,0,9925,2.0,5.0,38.80578397896578,38.91368203926216,51.842129306954206,0.7813739280908039,0.9045638987392993,554
synthetic_labeled,A synthetic only,molformer,45,0,9925,3.0,6.0,37.750092924730076,37.77894329473001,50.77282073533715,0.7902997861450853,0.9064483701155658,665
synthetic_labeled,A synthetic only,molformer,46,0,9925,4.0,7.0,38.06535788660746,38.28849155703505,50.96386038833996,0.7887187660994,0.9017528250875817,777
real_n1000,B learning curve,molformer,42,1000,1000,8.0,11.0,30.63674594017767,30.23735016346302,42.825132813318575,0.8508120566716368,0.9276205819922819,194
real_n1000,B learning curve,molformer,43,1000,1000,9.0,12.0,30.467736548535488,32.04892196603409,45.38306954322526,0.8324578735918793,0.9231546569636783,212
real_n1000,B learning curve,molformer,44,1000,1000,2.0,5.0,34.274165265483234,36.57969652249811,48.31963577578661,0.8100743620413766,0.909978435604129,88
real_n1000,B learning curve,molformer,45,1000,1000,12.0,15.0,29.687137119571705,30.495838254387895,42.27878338362562,0.8545943597767806,0.9261606963403978,250
real_n1000,B learning curve,molformer,46,1000,1000,12.0,15.0,31.247663930170805,32.38288391071789,43.74746515469653,0.8443166824447497,0.9276401202919456,252
real_n250,B learning curve,molformer,42,250,250,3.0,6.0,37.808725474540566,41.348006099490874,54.98515318514647,0.754061132708972,0.8821248826107438,45
real_n250,B learning curve,molformer,43,250,250,6.0,9.0,37.25937359743491,37.601823263473044,50.16619430427913,0.7952807877458727,0.8986936356892806,64
real_n250,B learning curve,molformer,44,250,250,4.0,7.0,36.6845129265,38.23197786394712,51.09574322991811,0.7876238559963823,0.8973207417533255,49
real_n250,B learning curve,molformer,45,250,250,9.0,12.0,36.83945859795718,39.395264244261114,52.647188083886434,0.7745310977706469,0.8884628371209781,79
real_n250,B learning curve,molformer,46,250,250,5.0,8.0,37.318727419064686,38.88561560573098,52.45979106860742,0.7761333486319157,0.8935684286465009,55
real_n500,B learning curve,molformer,42,500,500,6.0,9.0,33.58471360677775,35.46212215566214,48.562139705183476,0.808163201548711,0.9106493462379502,126
real_n500,B learning curve,molformer,43,500,500,7.0,10.0,35.11676548334456,35.835775813887835,50.058283410974006,0.7961605703680212,0.9056097059042655,142
real_n500,B learning curve,molformer,44,500,500,2.0,5.0,35.213514773202064,37.73205132479898,50.86294192205784,0.789554694416611,0.9002000229657222,88
real_n500,B learning curve,molformer,45,500,500,4.0,7.0,34.79294685299004,36.330040473860194,48.748352194472,0.8066891768399513,0.9104417856679581,107
real_n500,B learning curve,molformer,46,500,500,8.0,11.0,32.98096675542498,33.969974214617366,45.68619322040201,0.8302122964886798,0.9191816268747648,145
real_nfull,B learning curve,molformer,42,5297,5297,8.0,11.0,23.715003686461262,24.00598484809507,33.82703340198125,0.9069183411620958,0.9565253228971069,875
real_nfull,B learning curve,molformer,43,5297,5297,3.0,6.0,25.84288286970103,26.45127248757555,36.23253284895752,0.8932092395486739,0.9485311928263747,481
real_nfull,B learning curve,molformer,44,5297,5297,9.0,12.0,23.736696161292812,24.06161788100211,33.5235997463873,0.908580764862968,0.957164912039986,908
real_nfull,B learning curve,molformer,45,5297,5297,3.0,6.0,26.89950397433166,26.346447389811424,36.17515640764019,0.8935471912104348,0.951018257944628,458
real_nfull,B learning curve,molformer,46,5297,5297,9.0,12.0,24.12276035846393,25.28861442104316,35.360701191615085,0.8982866340183406,0.9526523458953511,910
twostage_generated_n1000,B learning curve,molformer,42,1000,1000,3.0,6.0,30.71709232453377,30.141654176173933,41.89290804885994,0.8572364604611928,0.9307606991338856,109
twostage_generated_n1000,B learning curve,molformer,43,1000,1000,3.0,6.0,30.310498659817185,32.37025094515283,44.429954427405534,0.8394212675492324,0.9249742987349572,110
twostage_generated_n1000,B learning curve,molformer,44,1000,1000,6.0,9.0,29.53180013659854,29.903923543985808,41.78004506255292,0.8580046580226872,0.9304949339458188,153
twostage_generated_n1000,B learning curve,molformer,45,1000,1000,6.0,9.0,29.214001961207757,30.159548962642994,41.92129032908655,0.8570429514609434,0.93042195162969,153
twostage_generated_n1000,B learning curve,molformer,46,1000,1000,4.0,7.0,29.329869272850562,30.00827681634152,41.39032174711994,0.8606413615200802,0.9319173153096565,123
twostage_generated_n250,B learning curve,molformer,42,250,250,3.0,6.0,32.24585334661254,34.44311087975933,47.24025474374307,0.8184648402796681,0.9135454776433855,46
twostage_generated_n250,B learning curve,molformer,43,250,250,4.0,7.0,33.30384639772373,34.66851839108341,47.93603717923326,0.8130779450172483,0.912555468952984,51
twostage_generated_n250,B learning curve,molformer,44,250,250,1.0,4.0,33.23637059210112,33.65829655007389,46.23591290518098,0.8261017691116705,0.91569682071441,31
twostage_generated_n250,B learning curve,molformer,45,250,250,6.0,9.0,33.01437227310673,35.43741265997767,47.85454356886124,0.8137129580734468,0.9084734884829041,61
twostage_generated_n250,B learning curve,molformer,46,250,250,4.0,7.0,33.96227611703662,34.790440873820955,46.59027925567599,0.8234259342881871,0.9133139406469726,49
twostage_generated_n500,B learning curve,molformer,42,500,500,2.0,5.0,32.09583863962688,34.31172118041079,46.754104689541656,0.8221819760217308,0.919179821025684,55
twostage_generated_n500,B learning curve,molformer,43,500,500,6.0,9.0,32.36730755117834,33.62589843563284,47.343376702338716,0.8176714197617576,0.9141213210677294,97
twostage_generated_n500,B learning curve,molformer,44,500,500,2.0,5.0,32.341506159058646,33.26302275719244,45.84104478833448,0.8290593683097818,0.9194035578096801,54
twostage_generated_n500,B learning curve,molformer,45,500,500,6.0,9.0,31.302841509315478,32.479086221763666,44.13108355055929,0.8415743595411057,0.9209783543439317,93
twostage_generated_n500,B learning curve,molformer,46,500,500,3.0,6.0,30.808006220819188,32.0735181199313,43.60093451306292,0.8453578477645839,0.9257886386492477,65
twostage_generated_nfull,B learning curve,molformer,42,5297,5297,8.0,11.0,23.200771570383797,24.216784612991468,33.43134798860234,0.9090832157477167,0.9583623935625388,875
twostage_generated_nfull,B learning curve,molformer,43,5297,5297,3.0,6.0,25.440146854834563,25.930163008263936,35.84211646197127,0.8954982452051728,0.949439084394129,480
twostage_generated_nfull,B learning curve,molformer,44,5297,5297,7.0,10.0,23.55217293342629,23.7619641824874,33.21020375628733,0.9102820441067235,0.9570166439133896,1183
twostage_generated_nfull,B learning curve,molformer,45,5297,5297,3.0,6.0,25.776253473511776,25.92499210401752,35.62702203602096,0.8967487460601136,0.9526392298821252,458
twostage_generated_nfull,B learning curve,molformer,46,5297,5297,6.0,9.0,24.5108160141328,24.692811894005125,34.18713575482038,0.9049260094576029,0.9579903302163291,685
twostage_labeled_n1000,B learning curve,molformer,42,1000,1000,3.0,6.0,29.217905820059652,29.874844623205213,42.34759201810999,0.8541206798626282,0.9300907215849235,111
twostage_labeled_n1000,B learning curve,molformer,43,1000,1000,9.0,12.0,29.254261864239574,30.922637454823192,43.11549894605762,0.8487821279325252,0.9301016697806017,212
twostage_labeled_n1000,B learning curve,molformer,44,1000,1000,6.0,9.0,30.29631941842304,30.817048112258547,42.74037090010387,0.851402034583043,0.9289889180183009,154
twostage_labeled_n1000,B learning curve,molformer,45,1000,1000,6.0,9.0,28.27564245874894,29.324168751792467,41.388304438831256,0.8606549454920672,0.9332188799660561,153
twostage_labeled_n1000,B learning curve,molformer,46,1000,1000,4.0,7.0,28.498855631234083,30.2001025907204,41.82530373592434,0.8576968555015879,0.9309743303261061,123
twostage_labeled_n250,B learning curve,molformer,42,250,250,4.0,7.0,31.289100560445732,33.82625460647386,46.89927389688475,0.8210760292004156,0.9163637803464849,51
twostage_labeled_n250,B learning curve,molformer,43,250,250,8.0,11.0,32.447754226451416,33.66466379462578,46.56110207890494,0.8236470241640584,0.9138828717032805,76
twostage_labeled_n250,B learning curve,molformer,44,250,250,1.0,4.0,34.28984040446516,34.641548051970254,47.26605450337096,0.8182664991636328,0.9173840002510972,31
twostage_labeled_n250,B learning curve,molformer,45,250,250,4.0,7.0,32.60706667577876,35.47769844309316,47.792379369849144,0.8141966263852081,0.9080087255122328,49
twostage_labeled_n250,B learning curve,molformer,46,250,250,4.0,7.0,33.16079307154605,34.08126392190753,47.3992883256567,0.8172405123260019,0.9128885086168709,49
twostage_labeled_n500,B learning curve,molformer,42,500,500,2.0,5.0,30.56314097172943,32.77926303492688,45.35722337400687,0.8326486535065174,0.9202170400399082,55
twostage_labeled_n500,B learning curve,molformer,43,500,500,4.0,7.0,32.985017891383535,33.50316287146386,47.36399869991643,0.8175125464960696,0.9169907473959995,78
twostage_labeled_n500,B learning curve,molformer,44,500,500,5.0,8.0,31.869074392011086,31.66972385616549,43.63033770635014,0.8451492051601961,0.9287836336942731,83
twostage_labeled_n500,B learning curve,molformer,45,500,500,4.0,7.0,31.39717602974288,32.74584617526575,45.32085981367903,0.8329168820671496,0.9218829810571896,74
twostage_labeled_n500,B learning curve,molformer,46,500,500,3.0,6.0,30.53642734754267,31.75722862715627,44.066707411503586,0.8420362286581523,0.9242440985696848,64
twostage_labeled_nfull,B learning curve,molformer,42,5297,5297,8.0,11.0,22.993219734023505,23.661934355340954,33.15391777826625,0.9105859015341576,0.9581482044044229,872
twostage_labeled_nfull,B learning curve,molformer,43,5297,5297,6.0,9.0,23.74800285663184,23.53797746877456,33.078164999882944,0.910994035997203,0.9594096012973036,695
twostage_labeled_nfull,B learning curve,molformer,44,5297,5297,9.0,12.0,22.972944049414227,23.16507682878091,32.63234914649983,0.9133770503784646,0.9590214794664202,915
twostage_labeled_nfull,B learning curve,molformer,45,5297,5297,3.0,6.0,25.690211218945645,25.7619455406246,35.93334779106416,0.8949655775796832,0.9521683067110079,458
twostage_labeled_nfull,B learning curve,molformer,46,5297,5297,4.0,7.0,26.562495708886555,27.818130712450806,41.22566806713773,0.8617479135568877,0.9536656949023655,533
concat_generated_n500,C concatenation,molformer,42,500,8365,8.0,11.0,30.703925077635887,32.58639130790083,45.162428903043605,0.8340830056692565,0.9214192661575923,974
concat_generated_n500,C concatenation,molformer,43,500,8366,5.0,8.0,32.773820701819325,33.06866806621538,45.24202832808463,0.8334976281177475,0.919177347879553,717
concat_generated_n500,C concatenation,molformer,44,500,8366,5.0,8.0,32.26187617355373,32.92709251523099,45.349647047420625,0.832704556512375,0.9190122578352165,708
concat_generated_n500,C concatenation,molformer,45,500,8365,6.0,9.0,30.765405762029626,32.098187133457124,44.41011833870719,0.8395646187176347,0.921231972463653,1983
concat_generated_n500,C concatenation,molformer,46,500,8362,3.0,6.0,32.62410274719341,34.387096267067434,46.54997370537402,0.8237313128588586,0.9150728338813844,544
concat_generated_nfull,C concatenation,molformer,42,5297,12706,16.0,19.0,23.56899166294998,23.100561236103403,32.863538909499546,0.9121453107198169,0.959140397832908,3295
concat_generated_nfull,C concatenation,molformer,43,5297,12706,10.0,13.0,24.01752878807599,23.895760258221447,33.12259049257907,0.9107547972670462,0.9568294727457448,2116
concat_generated_nfull,C concatenation,molformer,44,5297,12706,5.0,8.0,24.284173598491883,24.974460681160643,34.78215938004212,0.901587702350824,0.953096185144943,1339
concat_generated_nfull,C concatenation,molformer,45,5297,12706,10.0,13.0,24.104531361915058,24.293551640410072,34.50373886280652,0.9031569170856845,0.9545984970083239,2120
concat_generated_nfull,C concatenation,molformer,46,5297,12706,14.0,17.0,23.86081062951598,24.24030858229813,33.913618541209196,0.9064412196243091,0.9561519758523335,2848
concat_labeled_n500,C concatenation,molformer,42,500,10423,7.0,10.0,31.417350075661837,32.44831811491281,45.596833303002626,0.8308758395000079,0.9210263789963588,1194
concat_labeled_n500,C concatenation,molformer,43,500,10423,7.0,10.0,33.17639854923371,33.71592698346831,47.065616488626475,0.8198045614031563,0.917548619040454,31984
concat_labeled_n500,C concatenation,molformer,44,500,10422,2.0,5.0,32.45264092359559,32.754685046768444,45.07673555615845,0.8347120459558484,0.920338186499938,600
concat_labeled_n500,C concatenation,molformer,45,500,10424,2.0,5.0,32.0416498636916,33.287533429092,46.041745946375215,0.8275592678447422,0.9173992142468478,602
concat_labeled_n500,C concatenation,molformer,46,500,10424,13.0,16.0,31.705865030596335,31.89185098042543,43.775751256160255,0.8441152948782684,0.9271858795024513,1967
concat_labeled_nfull,C concatenation,molformer,42,5297,15215,3.0,6.0,25.415588818276476,26.419168087708393,36.56331344904828,0.8912504719115176,0.9459339181336501,1295
concat_labeled_nfull,C concatenation,molformer,43,5297,15215,3.0,6.0,25.759120648680394,27.28858791369471,38.470410489306786,0.8796101341249367,0.940667830357329,1401
concat_labeled_nfull,C concatenation,molformer,44,5297,15215,4.0,7.0,25.40997772631297,25.10186759528621,34.783466242587586,0.9015803069639793,0.9531776745559576,1357
concat_labeled_nfull,C concatenation,molformer,45,5297,15215,3.0,6.0,26.02222968809066,27.201572609077417,38.34223730294316,0.8804110118351078,0.9415319574176689,1168
concat_labeled_nfull,C concatenation,molformer,46,5297,15215,10.0,13.0,24.10558607713476,24.414583404043107,34.43310554110461,0.903553010224881,0.9555081303344817,2519
twostage_selftrain_n500,D controls,molformer,42,500,500,3.0,6.0,33.259631976142195,35.07042294935982,49.31470528796809,0.8021713560794139,0.9090618371293777,64
twostage_selftrain_n500,D controls,molformer,43,500,500,3.0,6.0,35.08741690980558,34.73982922458713,48.85709775433671,0.8058257572635339,0.9094017024503842,65
twostage_selftrain_n500,D controls,molformer,44,500,500,5.0,8.0,34.22888485764405,34.031448009083825,46.16742877633778,0.826616539910497,0.9205652239538087,83
twostage_selftrain_n500,D controls,molformer,45,500,500,1.0,4.0,35.42822282101383,35.653355303361735,47.88023319061762,0.8135128964776145,0.9132397575731565,46
twostage_selftrain_n500,D controls,molformer,46,500,500,3.0,6.0,32.64781493259812,33.05464545773131,45.431076636916806,0.8321032274750326,0.9178674513092261,64
twostage_shuffled_generated_n500,D controls,molformer,42,500,500,5.0,8.0,56.450974687922795,60.04063541000024,77.190645633209,0.5153082397747948,0.6849564783968426,84
twostage_shuffled_generated_n500,D controls,molformer,43,500,500,8.0,11.0,39.53665390299617,42.256095188122714,57.27550676683495,0.733145721176971,0.8747002595810075,114
twostage_shuffled_generated_n500,D controls,molformer,44,500,500,8.0,11.0,43.83930754889858,46.70464386546474,59.23096172724491,0.7146132153419932,0.8657207388655423,112
twostage_shuffled_generated_n500,D controls,molformer,45,500,500,7.0,10.0,76.33200195157062,81.29421230375807,102.54363279658052,0.14463064283585836,0.16130067718026317,102
twostage_shuffled_generated_n500,D controls,molformer,46,500,500,5.0,8.0,40.151926038965506,42.14950527271554,55.74435079912472,0.7472227330492174,0.8735141813672241,83
twostage_shuffled_labeled_n500,D controls,molformer,42,500,500,6.0,9.0,42.142617903030995,44.05226824938725,59.74284024816757,0.7096592320611252,0.8080216901014052,94
twostage_shuffled_labeled_n500,D controls,molformer,43,500,500,6.0,9.0,34.209756613765386,35.953306814021275,49.060683639698674,0.804204150602519,0.9060020709149822,94
twostage_shuffled_labeled_n500,D controls,molformer,44,500,500,5.0,8.0,35.40333746659128,35.72864560498744,47.64220585821532,0.8153624568948796,0.9127638983505179,83
twostage_shuffled_labeled_n500,D controls,molformer,45,500,500,4.0,7.0,33.04398027455665,34.34225086909748,46.867343255879916,0.8213195814666728,0.9136276569716898,74
twostage_shuffled_labeled_n500,D controls,molformer,46,500,500,5.0,8.0,44.53901464750487,47.40939296927281,62.772446483569006,0.6794657808876583,0.8586883028541659,84
synthetic_selftrain,D controls (stage 1),molformer,42,0,9925,10.0,10.0,33.8057695660162,35.441253381517775,48.197153802663486,0.8110359994102367,0.9116288478273339,1106
synthetic_selftrain,D controls (stage 1),molformer,43,0,9925,3.0,6.0,36.69586591762678,36.410322700464185,50.321091864629075,0.7940146178459251,0.9043516379565584,667
synthetic_selftrain,D controls (stage 1),molformer,44,0,9925,6.0,9.0,35.684805283862175,37.80184875270447,50.28237200113531,0.794331489245111,0.9023230058200283,993
synthetic_selftrain,D controls (stage 1),molformer,45,0,9925,2.0,5.0,34.944755244878436,36.22579608556772,48.696213479069634,0.8071024662153973,0.9037843770278968,558
synthetic_selftrain,D controls (stage 1),molformer,46,0,9925,3.0,6.0,35.95901769330425,35.315262145996094,47.15180707225422,0.8191439784908376,0.9172078225196084,667
synthetic_shuffled_generated,D controls (stage 1),molformer,42,0,7912,5.0,8.0,101.91046131542056,98.87564948273224,122.92778115300695,-0.22923912619990494,-0.6143554394463481,622
synthetic_shuffled_generated,D controls (stage 1),molformer,43,0,7912,3.0,6.0,95.887916530227,93.85401508613964,114.61064644138645,-0.06852875547125858,0.6494018546031506,468
synthetic_shuffled_generated,D controls (stage 1),molformer,44,0,7912,1.0,4.0,99.89380607307058,98.42393966747416,121.49305476639589,-0.20071294736154566,-0.5233238014036171,341
synthetic_shuffled_generated,D controls (stage 1),molformer,45,0,7912,4.0,7.0,101.07198416277589,98.07147705244095,121.47599661347687,-0.20037580039902547,-0.6929822045583902,544
synthetic_shuffled_generated,D controls (stage 1),molformer,46,0,7912,2.0,5.0,98.74858559729896,96.1590473383029,118.65307099967158,-0.14523406133961103,0.62742834535425,391
synthetic_shuffled_labeled,D controls (stage 1),molformer,42,0,9925,2.0,5.0,101.84911191360655,99.11494507375338,124.94420037517115,-0.2698969900592867,0.6057138732000418,557
synthetic_shuffled_labeled,D controls (stage 1),molformer,43,0,9925,2.0,5.0,114.87597961011282,110.66468997574111,138.7119464573879,-0.5651790340473517,0.48635503687234294,557
synthetic_shuffled_labeled,D controls (stage 1),molformer,44,0,9925,5.0,8.0,112.67135372103574,109.49954496558713,137.3465894751542,-0.5345182196736646,-0.036175162784750914,884
synthetic_shuffled_labeled,D controls (stage 1),molformer,45,0,9925,4.0,7.0,107.13266766624257,103.26129823691174,130.0447810480181,-0.37569495766728744,0.23810333322748684,776
synthetic_shuffled_labeled,D controls (stage 1),molformer,46,0,9925,2.0,5.0,105.98885958116203,102.56630521970084,128.32232168483955,-0.3394937974343104,-0.7198553770159949,557
rf_concat_generated_n500,random forest,random_forest,42,500,8365,,,,39.537360672787116,55.891705243456215,0.7458845854662932,0.8750563827331604,220
rf_concat_generated_n500,random forest,random_forest,43,500,8366,,,,39.8814367055864,55.21044860454352,0.752041590600838,0.8799938677797874,217
rf_concat_generated_n500,random forest,random_forest,44,500,8366,,,,40.298587642493246,56.85463280425856,0.7370531285993717,0.8686945675514239,217
rf_concat_generated_n500,random forest,random_forest,45,500,8365,,,,40.27598348704746,56.38967394784178,0.7413363171391417,0.8718467656878293,221
rf_concat_generated_n500,random forest,random_forest,46,500,8362,,,,39.75095600787559,54.83909709183219,0.7553659635618654,0.8800722152102797,220
rf_concat_generated_nfull,random forest,random_forest,42,5297,12706,,,,27.273001538003317,39.078646897082415,0.8757731922011245,0.9384504411167548,425
rf_concat_generated_nfull,random forest,random_forest,43,5297,12706,,,,27.426324832753433,39.28736159221136,0.8744426855662675,0.9378982584051619,417
rf_concat_generated_nfull,random forest,random_forest,44,5297,12706,,,,27.286739997812017,39.2356890223345,0.8747727460369575,0.938233982372217,428
rf_concat_generated_nfull,random forest,random_forest,45,5297,12706,,,,27.30855656775977,39.29133966000184,0.8744172575010819,0.9381688003200287,419
rf_concat_generated_nfull,random forest,random_forest,46,5297,12706,,,,27.272154597090868,39.14328923093852,0.8753618702577548,0.9380816765171679,423
rf_concat_labeled_n500,random forest,random_forest,42,500,10423,,,,40.4439495269388,54.766816544378365,0.7560104172443946,0.8801293991805739,367
rf_concat_labeled_n500,random forest,random_forest,43,500,10423,,,,41.047302026696016,55.63415264735313,0.7482211500757585,0.8794329399687723,373
rf_concat_labeled_n500,random forest,random_forest,44,500,10422,,,,39.94155016965812,54.13062956781666,0.7616459990580073,0.8821926732872691,369
rf_concat_labeled_n500,random forest,random_forest,45,500,10424,,,,40.06173858562136,54.03859883343573,0.7624557899900215,0.8827364555193074,374
rf_concat_labeled_n500,random forest,random_forest,46,500,10424,,,,40.13158805927587,53.73970334023858,0.7650763070687825,0.8877061960737198,377
rf_concat_labeled_nfull,random forest,random_forest,42,5297,15215,,,,27.573637717515325,39.5535354313513,0.8727356081557867,0.9341699458658461,598
rf_concat_labeled_nfull,random forest,random_forest,43,5297,15215,,,,27.639483225018747,39.68697555669286,0.8718754664644559,0.933717401546933,595
rf_concat_labeled_nfull,random forest,random_forest,44,5297,15215,,,,27.582827974255764,39.554171344372904,0.8727315159939287,0.9342268621631764,587
rf_concat_labeled_nfull,random forest,random_forest,45,5297,15215,,,,27.580118374852248,39.65905470095992,0.8720556811664688,0.9336956898852569,598
rf_concat_labeled_nfull,random forest,random_forest,46,5297,15215,,,,27.58859856461518,39.67817760884729,0.8719322663593079,0.9336453372279645,579
rf_real_n500,random forest,random_forest,42,500,500,,,,41.195745386034766,55.6638875831904,0.7479519403083598,0.8676013426771554,5
rf_real_n500,random forest,random_forest,43,500,500,,,,40.62608586223261,55.71667868937931,0.7474736335980317,0.870359513698326,5
rf_real_n500,random forest,random_forest,44,500,500,,,,40.37156701628305,54.4356060696564,0.7589526201914258,0.8716950936825565,5
rf_real_n500,random forest,random_forest,45,500,500,,,,40.09061032632457,53.8952278368629,0.763714585452202,0.8704193627734752,5
rf_real_n500,random forest,random_forest,46,500,500,,,,39.79621169758181,52.6566823568738,0.7744497693500038,0.8863984731780467,5
rf_real_nfull,random forest,random_forest,42,5297,5297,,,,26.534110343232634,37.76071193812418,0.884011044486619,0.9420008415710931,119
rf_real_nfull,random forest,random_forest,43,5297,5297,,,,26.488871296304318,37.78507173014133,0.8838613450739121,0.9419095952874417,118
rf_real_nfull,random forest,random_forest,44,5297,5297,,,,26.510992477515785,37.89165522379739,0.8832052170580741,0.9415833850165869,124
rf_real_nfull,random forest,random_forest,45,5297,5297,,,,26.47223275636404,37.690502113312014,0.8844419682177086,0.9422369893509284,125
rf_real_nfull,random forest,random_forest,46,5297,5297,,,,26.65600758186864,37.90186129722189,0.8831422915058731,0.9413152352502717,122
rf_synthetic_generated,random forest,random_forest,42,0,7912,,,,47.48653919042273,65.34282899962658,0.6526781094737593,0.8376670281016096,198
rf_synthetic_generated,random forest,random_forest,43,0,7912,,,,47.52523496962734,65.48999040913212,0.651111910521424,0.8371560742146112,196
rf_synthetic_generated,random forest,random_forest,44,0,7912,,,,47.51342815563153,65.43194066010986,0.6517301390453203,0.8371557925575884,199
rf_synthetic_generated,random forest,random_forest,45,0,7912,,,,47.564613093591916,65.46163504528647,0.6514139630027618,0.8371816025818477,197
rf_synthetic_generated,random forest,random_forest,46,0,7912,,,,47.31482172048358,65.21082819256515,0.6540799606765324,0.8381932476481353,191
rf_synthetic_labeled,random forest,random_forest,42,0,9925,,,,47.028325274057465,62.09772207538361,0.6863194227864451,0.858423619160256,354
rf_synthetic_labeled,random forest,random_forest,43,0,9925,,,,47.11485422183376,62.19623132817376,0.685323413663061,0.8577857205291879,345
rf_synthetic_labeled,random forest,random_forest,44,0,9925,,,,47.0366698250839,62.0420481742465,0.686881633194169,0.8582711905002939,343
rf_synthetic_labeled,random forest,random_forest,45,0,9925,,,,47.027880163585934,62.05892461373016,0.6867112635163526,0.8587811470420595,403
rf_synthetic_labeled,random forest,random_forest,46,0,9925,,,,47.080793749724094,62.05704594153185,0.6867302312291924,0.8590775255383964,348
