model,group,run,n_real,mae_mean,mae_std,rmse_mean,rmse_std,r2_mean,r2_std,spearman_mean,spearman_std,best_val_mae_mean,best_val_mae_std,best_epoch_mean,best_epoch_std,n_seeds
molformer,A synthetic only,synthetic_generated,0,36.83589836136165,0.5831716924551231,50.349222492653475,0.548605544050435,0.7937646664619276,0.004495226097248859,0.9044210481599444,0.002646942829692711,35.950303910778416,0.9627553329006232,3.4,1.9493588689617927,5
molformer,A synthetic only,synthetic_labeled,0,38.49939335669667,0.6779991079893847,51.4496631690847,0.6830561447021108,0.7846412134784192,0.005734911246027131,0.9037746778464155,0.0017965755728667435,38.49040263216443,0.5486334567890526,4.0,1.5811388300841898,5
molformer,B learning curve,real_n1000,1000,32.3489381634202,2.5437797408472664,44.51081733413052,2.4328037450402924,0.8384510669052846,0.017951052639196097,0.9229108982384865,0.00745680659029108,31.262689760787783,1.7730857912435902,8.6,4.09878030638384,5
molformer,B learning curve,real_n250,250,39.092537415380626,1.4304186954783313,52.27081397436751,1.8272398839383048,0.7775260445707579,0.015642155364564515,0.8920341051641658,0.006811730118676968,37.182159603099464,0.442236857970226,5.4,2.3021728866442674,5
molformer,B learning curve,real_n500,500,35.8659927965653,1.3653228282455712,48.78358209061787,1.9743794248896398,0.8061559879323947,0.015480071842139906,0.9092164975301321,0.007020754031771193,34.33778149434788,0.9986187728008961,5.4,2.4083189157584592,5
molformer,B learning curve,real_nfull,5297,25.230787405505463,1.1837148813723721,35.02380471931627,1.2828688730182434,0.9001084341605026,0.007282221021123434,0.9531784063206894,0.003661750000304889,24.863369410050137,1.4354379813640317,6.4,3.1304951684997055,5
molformer,B learning curve,twostage_generated_n1000,1000,30.516730888859417,1.0413760672407981,42.28290392300498,1.2188372549120585,0.8544693398028272,0.008534009011714116,0.9297138397508016,0.0027168915474217285,29.820652471001562,0.6587644418546963,4.4,1.51657508881031,5
molformer,B learning curve,twostage_generated_n250,250,34.59955587094305,0.6429698781491928,47.171405530538905,0.7531489811421566,0.8189566893540441,0.005773313244071686,0.9127170392881313,0.002643649328994991,33.15254374531615,0.6178116180344483,3.6,1.816590212458495,5
molformer,B learning curve,twostage_generated_n500,500,33.150649342986206,0.8941177206341797,45.53410884876742,1.6249378978986666,0.831168994279792,0.012010378076982048,0.9198943385792546,0.004183210363456244,31.783100015999707,0.695049900028008,3.8,2.04939015319192,5
molformer,B learning curve,twostage_generated_nfull,5297,24.90534316035309,0.9895122015838663,34.45956519954046,1.221347197708487,0.9033076521154658,0.006867030732751516,0.9550895363937023,0.00389780553778623,24.496032169257845,1.1290602248680794,5.4,2.3021728866442674,5
molformer,B learning curve,twostage_labeled_n1000,1000,30.227760306559965,0.6655648908584806,42.28341400780541,0.692166873767437,0.8545313286743703,0.004757459042137155,0.9306749039351976,0.0015869692132722787,29.108597038541056,0.792062027024515,5.6,2.3021728866442674,5
molformer,B learning curve,twostage_labeled_n250,250,34.33828576361412,0.7369246840412161,47.183619634933294,0.4723022106811955,0.8188853382478634,0.0036244038361669855,0.9137055772859932,0.003665719358927792,32.75891098773742,1.0937860857626904,4.2,2.4899799195977463,5
molformer,B learning curve,twostage_labeled_n500,500,32.49104491299565,0.7722419877657446,45.14782540109121,1.4540286723898541,0.834052703177617,0.010766931590195145,0.9224237001514111,0.004428354849714559,31.47016732648192,1.0190429292719403,3.6,1.140175425099138,5
molformer,B learning curve,twostage_labeled_nfull,5297,24.789012981194368,1.974507324898932,35.20468955657018,3.60998032576269,0.8983340958092793,0.02171731427986019,0.9564826573563041,0.0033292478304990975,24.393374713580354,1.6417546167247918,6.0,2.5495097567963922,5
molformer,C concatenation,concat_generated_n500,500,33.01348705797435,0.8540339500780635,45.34283926452601,0.7697238097340658,0.8327162243751743,0.005703243793659196,0.9191827356434799,0.002555475713585168,31.8258260924464,1.0135620644960515,5.4,1.8165902124584952,5
molformer,C concatenation,concat_generated_nfull,5297,24.10092847963874,0.6823521127681472,33.837129237227295,0.8369206535292919,0.906817189409536,0.004603805871178478,0.9559633057168506,0.0022892596642040547,23.96720720818978,0.27007116173514084,11.0,4.242640687119285,5
molformer,C concatenation,concat_labeled_n500,500,32.819662910933395,0.7115381522158156,45.5113365100646,1.2150683402791258,0.8314134019164046,0.008973957295551244,0.92069965565721,0.003972733728994187,32.15878088855582,0.6874720949250717,6.2,4.54972526643093,5
molformer,C concatenation,concat_labeled_nfull,5297,26.085155921961967,1.2810022810152268,36.51850660499808,1.903758962024995,0.8912809870120846,0.01130314827647381,0.9473639021598175,0.00672722478830913,25.342500591699054,0.737471437626611,4.6,3.0495901363953815,5
molformer,D controls,twostage_selftrain_n500,500,34.509940188824764,1.0026496818672448,47.530108329235404,1.6830852820972644,0.8160459554412183,0.012970607032295085,0.9140271944831906,0.005103023832309769,34.13039429944076,1.1796419097417945,3.0,1.4142135623730951,5
molformer,D controls,twostage_shuffled_generated_n500,500,54.48901840801226,16.6721575768092,70.39701954459882,19.944383577378588,0.5709841104357669,0.256350756671087,0.692038467078176,0.3074886392371643,51.26217282607073,15.5840006396956,6.6,1.51657508881031,5
molformer,D controls,twostage_shuffled_labeled_n500,500,39.497172901353245,5.845642095182995,53.2171038971061,7.4592993063912685,0.766002240382571,0.06636813721929181,0.8798207238385523,0.046139204782321676,37.867741381089836,5.135739155606118,5.2,0.8366600265340757,5
molformer,D controls (stage 1),synthetic_selftrain,0,36.23889661325005,0.9952026516815655,48.92972764395034,1.3709245064013609,0.8051257102415015,0.010900946152636247,0.9078591382302852,0.006347511470609955,35.41804274113757,1.0977333543234433,4.8,3.271085446759225,5
molformer,D controls (stage 1),synthetic_shuffled_generated,0,97.07682572541799,2.0777776426755916,119.83210999478754,3.3052267418730295,-0.16881813815426913,0.06379269091218952,-0.11076624909019098,0.6865799353600218,99.5025507357586,2.3477797623645333,3.0,1.5811388300841898,5
molformer,D controls (stage 1),synthetic_shuffled_labeled,0,105.02135669433883,4.896737752478639,131.87396780811417,5.930626673915657,-0.41695659977638017,0.12759326212662578,0.11482834069982514,0.527659071383716,108.50359449843195,5.255068493946323,3.0,1.4142135623730951,5
random_forest,random forest,rf_concat_generated_n500,500,39.94886490315796,0.3325517954420004,55.83711153838645,0.8264978045436571,0.746336317073502,0.007507767823416537,0.875132759792496,0.005007057537428509,,,,,5
random_forest,random forest,rf_concat_generated_nfull,5297,27.313355506683884,0.06484489474792508,39.20726528051373,0.09344443938606321,0.8749535503126372,0.0005957812009993993,0.938166631746266,0.00020268831334826665,,,,,5
random_forest,random forest,rf_concat_labeled_n500,500,40.32522567363803,0.44430211472311126,54.461980186644496,0.7545929910118327,0.7586819326873929,0.006717154898642587,0.8824395328059286,0.0032505062125539968,,,,,5
random_forest,random forest,rf_concat_labeled_nfull,5297,27.592933171251453,0.02657228287326357,39.626382928444855,0.06697550101015336,0.8722661076279896,0.0004316727637105509,0.9338910473378353,0.0002825096630711219,,,,,5
random_forest,random forest,rf_real_n500,500,40.416044057691366,0.5348198753875326,54.47361650719256,1.2844431455948055,0.7585085097800046,0.011342771552859182,0.873294757201912,0.007476041938310375,,,,,5
random_forest,random forest,rf_real_nfull,5297,26.53244289105708,0.07289526329306234,37.80596046051936,0.08993742367492126,0.8837323732684373,0.0005531515441352994,0.9418092092952645,0.0003622164458425511,,,,,5
random_forest,random forest,rf_synthetic_generated,0,47.48092742595142,0.09701204063700002,65.38744466134403,0.11311904313545376,0.6522028165439595,0.0012026391126138444,0.8374707490207584,0.00045889901247236106,,,,,5
random_forest,random forest,rf_synthetic_labeled,0,47.05770464685703,0.038711405511612514,62.09039442661317,0.06263979339537615,0.686393192877844,0.0006330891167006251,0.8584678405540387,0.0004939107305970788,,,,,5
